respondent_id,position,age_group,years_experience,level:reading,level:writing,level:listening,level:speaking,method_effectiveness:online_courses,method_effectiveness:private_lessons,method_effectiveness:textbooks,method_effectiveness:watching_movies,method_effectiveness:audio,method_effectiveness:speaking_club,method_effectiveness:reading_books,method_effectiveness:work_tasks,motives:online_exercises,motives:speaking_club,motives:watching_movies,motives:reading_books,motives:work_tasks,motives:gamified_learning,motives:personalised_feedback,enjoyed_school_classes,felt_pressure,grown_since_native_talk,perfection_is_key_to_career,i_know_all_i_need,english_is_not_so_important,learning_is_demaning,need_english_for_work_docs,curious_about_english_colleagues,learning_is_exhausting,speaking_is_key_to_career,need_to_feel_progress,like_colleagues,glad_to_feel_progress,must_learn,was_ok_with_native,was_ok_with_non_native,english_is_not_applicable,value_original_movies,value_original_books,learning_is_fun,want_to_improve,curious_about_english_culture,curious_about_english_system,extra_methods,obstacles
1,Software Engineer / Developer,25-34,3-5 —Ä–æ–∫—ñ–≤,4,3,3,3,2,3,4,2,2,3,3,4,3,4,4,2,4,3,5,2,3,,5,2,2,4,5,3,5,5,5,4.0,5,4,3.0,3,5,3,2,1,4,2,2,,
2,Software Engineer / Developer,25-34,6-10 —Ä–æ–∫—ñ–≤,4,4,3,3,2,4,4,4,4,4,4,4,3,4,4,4,4,4,5,2,2,5.0,5,4,1,2,5,3,3,5,5,5.0,5,5,4.0,4,3,5,5,3,4,4,4,"–ó–∞—Ä–∞–∑ –Ω–∞–º–∞–≥–∞—é—Å—å —Ö–æ—á–∞ –± –ø–æ—Ç—Ä–æ—à–∫–∏ —Ä—É—Ö–∞—Ç–∏—Å—å –¥–∞–ª—ñ —É –≤–∏–≤—á–µ–Ω–Ω—ñ –∞–Ω–≥–ª—ñ–π—Å—å–∫–æ—ó –∫–æ—Ä–∏—Å—Ç—É—é—á–∏—Å—å –∫–∞—Ä—Ç–∫–∞–º–∏ –∑—ñ —Å–ª–æ–≤–∞–º–∏, —Ç–∞ –ø–æ–≤—Ç–æ—Ä–µ–Ω–Ω—è–º –≤–∏–≤—á–µ–Ω–∏—Ö —Å–ª—ñ–≤ —è–∫—ñ –∑ —á–∞—Å–æ–º –∑–∞–ø–∞–º‚Äô—è—Ç–æ–≤—É—é—Ç—å—Å—è –¥–æ–≤–æ–ª—ñ –Ω–µ–ø–æ–≥–∞–Ω–æ. –¢–∞–∫–æ–∂ –∑ —á–∞—Å–æ–º –ø–µ—Ä–µ–≥–ª—è–¥–∞—é—á–∏ —Ñ—ñ–ª—å–º–∏ –∞–Ω–≥–ª—ñ–π—Å—å–∫–æ—é –∞–±–æ –∂ –ø—Ä–æ—Å—Ç–æ –∑ —Å—É–±—Ç–∏—Ç—Ä–∞–º–∏ —Ü—ñ –Ω–æ–≤—ñ –≤–∏–≤—á–µ–Ω—ñ —Å–ª–æ–≤–∞ —á–∞—Å—Ç—ñ—à–µ –ø–æ–º—ñ—á–∞—î—à.
–í –ø–æ–¥–∞–ª—å—à–æ–º—É –ø–ª–∞–Ω—É—é –∑–∞–π–º–∞—Ç–∏—Å—å –ø–µ—Ä—Å–æ–Ω–∞–ª—å–Ω–æ –∑ –≤–∏–∫–ª–∞–¥–∞—á–µ–º —Ç–∞–∫ —è–∫ –¥—É–º–∞—é —â–æ —Ü–µ –Ω–∞–π–∫—Ä–∞—â–∏–π —Å–ø–æ—Å—ñ–± –ø—ñ–¥—Ç—è–≥–Ω—É—Ç–∏ –∞–Ω–≥–ª—ñ–π—Å—å–∫—É –∞–ª–µ —Ç–∞–∫–æ–∂ –≤–∞–∂–ª–∏–≤–æ –≤–∏–∑–Ω–∞—á–∏—Ç–∏ –∫–æ–Ω–∫—Ä–µ—Ç–Ω—É –ø–æ—Ç—Ä–µ–±—É —Ç–∞ —è–∫–∏–π –∞—Å–ø–µ–∫—Ç –≤–∞—Ä—Ç–æ –ø–æ–∫—Ä–∞—â–∏—Ç–∏. ","–î–æ –Ω–∞–≤—á–∞–Ω–Ω—è –≤ –∞—Å–ø—ñ—Ä–∞–Ω—Ç—É—Ä—ñ —è –Ω–∞–º–∞–≥–∞–≤—Å—è –≤–∏–≤—á–∞—Ç–∏ –∞–Ω–≥–ª—ñ–π—Å—å–∫—É —Ä—ñ–∑–Ω–∏–º–∏ –º–µ—Ç–æ–¥–∞–º–∏ (effortless english, –ø–µ—Ä–µ–≥–ª—è–¥ –ø—Ä–æ—Ñ–µ—Å—ñ–π–Ω–∏—Ö –∫—É—Ä—Å—ñ–≤ –∞–Ω–≥–ª—ñ–π—Å—å–∫–æ—é, —Ç—Ä–µ–Ω—É–≤–∞–≤ –≤–∏–º–æ–≤—É), –∞–ª–µ —á–µ—Ä–µ–∑ —Ç—Ä–∞–≤–º—É —É –≤–∏–≤—á–µ–Ω–Ω—ñ –∞–Ω–≥–ª—ñ–π—Å—å–∫–æ—ó –Ω–∞ –∞—Å–ø—ñ—Ä–∞–Ω—Ç—É—Ä—ñ –¥–µ –≤–∏–∫–ª–∞–¥–∞—á–∫–∏ —Ç—É–ø–æ –∑–∞–¥–æ–≤–±—É–≤–∞–ª–∞ —Ç–∏–º —â–æ–± –º–∏ –ø–µ—Ä–µ–∫–ª–∞–¥–∞–ª–∏ –∑ –∞–Ω–≥–ª—ñ–π—Å—å–∫–æ—ó –Ω–∞ —É–∫—Ä–∞—ó–Ω—Å—å–∫—É —Å—Ç–∞—Ç—Ç—ñ –ø—Ä—è–º —Å–∏–¥—è—á–∏ –±—ñ–ª—è –Ω–µ—ó –≤–≥–æ–ª–æ—Å —Ç–æ –±–∞–∂–∞–Ω–Ω—è –≤–∏–≤—á–∞—Ç–∏ –∑–Ω–∏–∫–ª–æ –º–∞–∫—Å–∏–º–∞–ª—å–Ω–æ. –Ü –¥–æ—Å—ñ –¥–æ–≤–æ–ª—ñ –≤–∞–∂–∫–æ –∑–º—É—Å–∏—Ç–∏ —Å–µ–±–µ –≤—á–∏—Ç–∏ –∞–Ω–≥–ª—ñ–π—Å—å–∫—É –ø—Ä–æ—Ö–æ–¥—è—á–∏ –∫—É—Ä—Å–∏ —á–∏ —á–∏—Ç–∞—é—á–∏ –∫–Ω–∏–∂–∫–∏. –î—É–º–∞—é —Å–ø—Ä–æ–±—É–≤–∞—Ç–∏ –ø–µ—Ä—Å–æ–Ω–∞–ª—å–Ω—ñ –∑–∞–Ω—è—Ç—Ç—è, —Ö–æ—á–∞ –π —Ç–µ–ø–µ—Ä—ñ—à–Ω—å–æ–≥–æ —Ä—ñ–≤–Ω—è –≤–∏—Å—Ç–∞—á–∞—î –¥–ª—è –ø—Ä–æ—Ñ–µ—Å—ñ–π–Ω–∏—Ö –ø–æ—Ç—Ä–µ–±. "
3,Software Engineer / Developer,18-24,3-5 —Ä–æ–∫—ñ–≤,5,5,4,4,2,2,1,5,5,5,5,4,1,5,5,4,4,3,3,1,1,4.0,2,3,1,1,5,4,1,3,2,4.0,4,2,5.0,3,2,5,4,5,5,5,4,"–°–ø—Ä–æ–±–∏ –≥–æ–≤–æ—Ä–∏—Ç–∏ –∞–±–æ –Ω–∞–º–∞–≥–∏—Ç—Å—è —Å–ø—Ä–∏–π–º–∞—Ç–∏ —ñ–Ω—Ñ–æ—Ä–º–∞—Ü—ñ—é, —Ñ—ñ–ª—å–º–∏, –∫–Ω–∏–≥–∏, —ñ–≥—Ä–∏ –∞–Ω–≥–ª—ñ–π—Å—å–∫–æ—é –±–µ–∑ –ø–æ–ø–µ—Ä–µ–¥–Ω—ñ—Ö –∑–Ω–∞–Ω—å –º–æ–≤–∏.","–Ø –Ω—ñ–∫–æ–ª–∏ –Ω–µ –ø–æ—á–∏–Ω–∞–≤ —Ç–∞, —è–∫ –Ω–∞—Å–ª—ñ–¥–æ–∫, –Ω–µ –ø—Ä–∏–ø–∏–Ω—è–≤ –≤–∏–≤—á–µ–Ω–Ω—è –∞–Ω–≥–ª—ñ–π—Å—å–∫–æ—ó –º–æ–≤–∏. –Ø —É—Å–µ –∂–∏—Ç—Ç—è –Ω–µ —Ü—É—Ä–∞–≤—Å—è —á–∏—Ç–∞—Ç–∏ –∞–Ω–≥–ª–æ–º–æ–≤–Ω—ñ —Å—Ç–∞—Ç—Ç—ñ –∞–±–æ –¥–∏–≤–∏—Ç–∏—Å—å —Ñ—ñ–ª—å–º–∏ –∞–Ω–≥–ª—ñ–π—Å–∫—å–æ—é. –°–ø–æ—á–∞—Ç–∫—É –¥–µ—è–∫—ñ –¥–µ—Ç–∞–ª—ñ –±—É–ª–∏ –Ω–µ –∑—Ä–æ–∑—É–º—ñ–ª—ñ, –∞–ª–µ –∑ —á–∞—Å–æ–º, –ø–µ—Ä–µ–≤–æ–¥—è—á–∏ –Ω–µ–∑–Ω–∞–π–æ–º—ñ —Å–ª–æ–≤–∞ —Ç–∞ –±–∞—á—É—á–∏ –∫–æ–Ω–∫—Ä–µ—Ç–Ω—ñ —Ä–µ—á–µ–Ω–Ω—è —Ç–∞ —è–∫ –≤–∏–∫–æ—Ä–∏—Å—Ç–æ–≤—É—é—Ç—å—Å—è —Å–ª–æ–≤–∞ –≤ –∫–æ–Ω—Ç–µ–∫—Å—Ç—ñ, –º—ñ–π —Ä—ñ–≤–µ–Ω—å –∑–Ω–∞–Ω—å –ø–æ–∫—Ä–∞—â—É–≤–∞–≤—Å—è. "
4,Software Engineer / Developer,25-34,6-10 —Ä–æ–∫—ñ–≤,4,3,4,3,3,4,4,3,2,3,4,4,4,2,4,4,4,4,5,2,1,4.0,4,4,2,4,5,4,3,2,3,3.0,4,4,4.0,4,1,3,2,3,5,3,3,,"–í—Ç—Ä–∞—Ç–∞ –º–æ—Ç–∏–≤–∞—Ü—ñ–π (–ª—ñ–Ω—å).
–ù—É–¥–Ω—ñ –∑–∞–Ω—è—Ç—Ç—è –≤ –≥—Ä—É–ø—ñ.
–û–¥–Ω–æ—Ç–∏–ø–Ω—ñ –∑–∞–Ω—è—Ç—Ç—è –∑ –≤–∏–∫–ª–∞–¥–∞—á–µ–º (–Ω–µ –Ω–µ–π—Ç—ñ–≤)."
5,Software Engineer / Developer,25-34,6-10 —Ä–æ–∫—ñ–≤,4,5,4,4,3,4,3,2,2,3,3,5,3,3,4,4,4,4,4,2,3,5.0,4,5,2,3,5,5,2,4,4,4.0,5,3,5.0,5,1,3,3,3,4,3,3,"—Å–ø–µ—Ü—ñ–∞–ª—å–Ω–æ –ø—ñ–¥–≥–æ—Ç–æ–≤–ª–µ–Ω—ñ –º–∞—Ç–µ—Ä—ñ–∞–ª–∏ –¥–ª—è drills, translating on the fly, q&a, –Ω–∞–¥ —è–∫–∏–º –ø—Ä–∞—Ü—é—î—à –ø—Ä–∏–±–ª–∏–∑–Ω–æ —Ç–∏–∂–¥–µ–Ω—å —ñ –ø—Ä–∞—Ü—é—î—à –≤–≥–æ–ª–æ—Å.

drills - —Å–ø—ñ–∫–µ—Ä —á–∏—Ç–∞—î —Ç–µ–∫—Å—Ç –∞–Ω–≥–ª—ñ–π—Å—å–∫–æ—é —ñ —Ä–æ–±–∏—Ç—å –ø–∞—É–∑–∏ –ø—ñ—Å–ª—è –∫–æ–∂–Ω–æ–≥–æ —Ä–µ—á–µ–Ω–Ω—è —ñ —Ç–æ–±—ñ –ø–æ—Ç—Ä—ñ–±–Ω–æ –ø–æ–≤—Ç–æ—Ä–∏—Ç–∏ —Ä–µ—á–µ–Ω–Ω—è

translating on the fly - —Å–ø—ñ–∫–µ—Ä —á–∏—Ç–∞—î —Ä–µ—á–µ–Ω–Ω—è —É–∫—Ä–∞—ó–Ω—Å—å–∫–æ—é —ñ —Ä–æ–±–∏—Ç—å –ø–∞—É–∑—É, —â–æ–± —Ç–∏ –ø–µ—Ä–µ–∫–ª–∞–≤ —Ç–æ —Ü–µ —Ä–µ—á–µ–Ω–Ω—è —ñ –ø—ñ—Å–ª—è —Ü—å–æ–≥–æ –≤—ñ–Ω —á–∏—Ç–∞—î —Ü–µ —Ä–µ—á–µ–Ω–Ω—è –∞–Ω–≥–ª—ñ–π—Å—å–∫–æ—é —ñ —Ç–∏ –ø–æ—Ä—ñ–≤–Ω—é—î—à –∑—ñ —Å–≤–æ—ó–º –≤–∞—Ä—ñ–∞–Ω—Ç–æ–º

q&a - —Å–ø—ñ–∫–µ—Ä —á–∏—Ç–∞—î —Ä–µ—á–µ–Ω–Ω—è –∞–Ω–≥–ª—ñ–π—Å—å–∫–æ—é —ñ –ø–æ—Ç—ñ–º —Å—Ç–∞–≤–∏—Ç—å –∞–Ω–≥–ª—ñ–π—Å—å–∫–æ—é –ø–∏—Ç–∞–Ω–Ω—è –¥–æ —Ü—å–æ–≥–æ —Ä–µ—á–µ–Ω–Ω—è, —Ç–∏ –º–∞—î—à –¥–∞—Ç–∏ –≤—ñ–¥–ø–æ–≤—ñ–¥—å –Ω–∞ –ø–∏—Ç–∞–Ω–Ω—è –±–∞–∑—É—é—á–∏—Å—å –Ω–∞ —Ä–µ—á–µ–Ω–Ω—ñ, —â–æ –±—É–ª–æ –ø—Ä–æ—á–∏—Ç–∞–Ω–æ, –ø–æ—Ç—ñ–º —Å–ø—ñ–∫–µ—Ä —á–∏—Ç–∞—î –ø—Ä–∞–≤–∏–ª—å–Ω—É –≤—ñ–¥–ø–æ–≤—ñ–¥—å —ñ —Ç–∏ –ø–æ—Ä—ñ–≤–Ω—é—î—à –∑—ñ —Å–≤–æ—ó–º –≤–∞—Ä—ñ–∞–Ω—Ç–æ–º","- –∫–æ–ª–∏ –ø–æ—á–∞–≤ –ø—Ä–∞—Ü—é–≤–∞—Ç–∏ –≤ —É–∫—Ä –∫–æ–º–ø–∞–Ω—ñ—ó –¥–µ –∞–Ω–≥–ª—ñ–π—Å—å–∫–∞ –±—É–ª–∞ –Ω–µ–ø–æ—Ç—Ä—ñ–±–Ω–∞
- –∫–æ–ª–∏ –º–∞–≤ –ø–µ—Ä–µ–≤–∞–Ω—Ç–∞–∂–µ–Ω–Ω—è –Ω–∞ —Ä–æ–±–æ—Ç—ñ —ñ –≤—Ç—Ä–∞—Ç—É –º–æ—Ç–∏–≤–∞—Ü—ñ—ó –¥–æ –≤–∏–≤—á–µ–Ω–Ω—è"
6,IT Manager / Team Lead / C-Level,25-34,3-5 —Ä–æ–∫—ñ–≤,4,4,4,4,2,5,3,3,3,4,3,5,4,5,3,2,5,4,5,3,1,3.0,5,4,1,4,4,5,2,5,3,4.0,5,5,4.0,5,1,5,5,5,5,4,4,–Ü–Ω—Ç–µ–Ω—Å–∏–≤–Ω—ñ –æ–Ω–ª–∞–π–Ω –∫—É—Ä—Å–∏ –Ω–∞ –∑–∞–∫—Ä—ñ–ø–ª–µ–Ω–Ω—è –æ–∫—Ä–µ–º–æ—ó –Ω–∞–≤–∏—á–∫–∏,"–¢–∞–∫, –æ–±`—î–º —Ä–æ–±–æ—Ç–∏ "
7,Software Engineer / Developer,55-64,11-20 —Ä–æ–∫—ñ–≤,5,3,3,3,1,5,3,4,2,4,3,3,3,4,5,4,3,3,4,2,3,5.0,4,3,1,3,5,3,1,4,3,4.0,5,4,4.0,4,4,5,5,3,4,3,3,Youtube,
8,Data / AI Specialist,45-54,–º–µ–Ω—à–µ –Ω—ñ–∂ 1 —Ä—ñ–∫,3,2,3,3,3,5,3,2,3,5,4,5,5,4,3,4,5,5,5,4,2,3.0,5,3,1,3,5,3,3,5,5,,5,4,,4,4,4,3,2,5,3,4,"Quest, speaking with AI",I studied German.
9,Product / Project Manager,25-34,3-5 —Ä–æ–∫—ñ–≤,4,4,4,4,3,5,3,5,3,4,5,5,4,4,3,4,5,3,5,3,2,5.0,4,4,1,1,5,4,1,4,4,4.0,5,4,5.0,5,1,3,3,5,5,3,3,,"–ù–µ –±—É–ª–æ –ø–æ—Ç—Ä–µ–±–∏ —ó—ó –≤–¥–æ—Å–∫–æ–Ω–∞–ª—é–≤–∞—Ç–∏ —á–∏ –≤–∏–∫–æ—Ä–∏—Å—Ç–æ–≤—É–≤–∞—Ç–∏. –ü–µ—Ä–µ—Ä–≤–∞ —É 3 —Ä–æ–∫–∏, –ø–æ–∫–∏ –Ω–µ –æ—Ç—Ä–∏–º–∞–ª–∞ —Ä–æ–±–æ—Ç—É –≤ –Ü–¢. "
10,HR / L&D / Talent / Recruitment Specialist,35-44,3-5 —Ä–æ–∫—ñ–≤,5,4,5,4,3,4,2,3,3,5,4,5,4,4,5,4,3,5,5,4,1,5.0,4,4,1,3,4,3,3,4,5,5.0,5,4,4.0,4,3,5,3,4,5,5,3,,
11,HR / L&D / Talent / Recruitment Specialist,25-34,3-5 —Ä–æ–∫—ñ–≤,4,3,4,3,3,5,4,4,5,5,4,5,4,5,5,3,4,4,5,1,2,5.0,3,4,1,2,4,3,1,4,3,4.0,5,4,4.0,4,2,1,2,3,5,3,3,,
12,Product / Project Manager,25-34,6-10 —Ä–æ–∫—ñ–≤,4,3,3,3,5,5,3,3,2,5,4,4,5,4,3,2,3,5,5,5,1,5.0,5,4,1,2,5,5,1,5,4,5.0,5,4,4.0,4,3,2,2,4,5,5,2,,"–Ω–µ —Ç–µ, —â–æ–± –ø—Ä–∏–ø–∏–Ω—è–ª–∞, —è –ø–æ—Å—Ç—ñ–π–Ω–æ –¥–µ—Å—å —ñ–∑ –Ω–µ—é —Å—Ç–∏–∫–∞—é—Å—å —ñ —Ç–∞–∫ –±—É–ª–æ –∑–∞–≤–∂–¥–∏ –∑ —É–Ω—ñ–≤–µ—Ä—É, —Ç–æ–º—É –ø—Ä–∏–ø–∏–Ω—è—Ç–∏ –Ω–µ –ø—Ä–∏–ø–∏–Ω—è–ª–∞, –∞–ª–µ –Ω–∞ –∫—É—Ä—Å–∏ —è —Ö–æ–¥–∂—É –Ω–µ –∑–∞–≤–∂–¥–∏"
13,IT Manager / Team Lead / C-Level,35-44,11-20 —Ä–æ–∫—ñ–≤,4,3,4,3,2,5,4,3,3,4,3,4,3,4,3,4,4,3,4,5,2,5.0,5,4,5,4,5,3,3,5,4,3.0,5,5,5.0,5,1,4,3,3,5,3,3,-,–¢–∞–∫ —ã –Ω–µ —Ä–∞–∑. –ë—Ä–∞–∫ —á–∞—Å—É.
14,QA / Testing Specialist,25-34,3-5 —Ä–æ–∫—ñ–≤,3,3,3,3,2,4,3,4,4,5,4,5,3,3,5,4,4,5,5,4,2,4.0,4,3,4,4,4,4,3,4,5,4.0,5,4,3.0,3,2,4,3,2,5,4,4,–ü—Ä–æ–±—É—é —Ä—ñ–∑–Ω—ñ –º–µ—Ç–æ–¥–∏–∫–∏ —â–æ–± –±—É–ª–æ —Ü—ñ–∫–∞–≤—ñ—à–µ: —ñ –ø—ñ—Å–Ω—ñ —ñ —Ñ—ñ–ª—å–º–∏ —ñ —Ä—ñ–∑–Ω—ñ –≤–ø—Ä–∞–≤–∏,
15,Software Engineer / Developer,25-34,3-5 —Ä–æ–∫—ñ–≤,3,2,2,2,2,3,4,2,2,5,3,4,1,2,4,3,4,3,4,3,3,2.0,3,2,1,4,3,2,3,2,2,,4,3,3.0,2,4,4,4,2,3,3,2,,
16,IT Manager / Team Lead / C-Level,25-34,6-10 —Ä–æ–∫—ñ–≤,4,4,4,4,1,4,1,3,2,3,4,2,1,2,3,3,3,3,4,4,2,5.0,3,4,2,3,5,4,2,4,3,3.0,4,3,5.0,5,2,2,2,3,4,5,5,–ß–∏—Ç–∞–Ω–Ω—è —Å—Ç–∞—Ç–µ–π —Ç–∞ –∫–Ω–∏–≥ –≤ –∫–æ–º–±—ñ–Ω–∞—Ü—ñ—ó –∑ –ø–æ–¥–∞–ª—å—à–∏–º —Ä–µ–≥—É–ª—è—Ä–Ω–∏–º –≤–∏–≤—á–µ–Ω–Ω—è–º –Ω–µ–∑–Ω–∞–π–æ–º–∏—Ö —Å–ª—ñ–≤ ,–í—ñ–¥—Å—É—Ç–Ω—ñ—Å—Ç—å –ø–æ—Ç—Ä–µ–±–∏ —ñ —è–∫ –Ω–∞—Å–ª—ñ–¥–æ–∫ –º–æ—Ç–∏–≤–∞—Ü—ñ—ó 
17,Product / Project Manager,18-24,3-5 —Ä–æ–∫—ñ–≤,3,2,3,3,2,5,4,4,3,4,4,5,4,5,4,2,3,4,5,4,3,4.0,5,3,5,3,4,4,3,5,5,4.0,5,4,2.0,4,1,3,3,3,5,5,4,,"–ù–µ –≤—ñ–¥—á—É–≤–∞–ª–∞ –ø—Ä–æ–≥—Ä–µ—Å—É, –∞ —á–∞—Å—É —Ç–∞ –∑–∞—Å–∏–ª–± –≤–∏—Ç—Ä–∞—á–∞–ª–∞ –±–∞–≥–∞—Ç–æ, —Ç–æ–º—É —Ç—Ä–µ–±–∞ –ø–µ—Ä–µ—Ç–µ—Ä–ø—ñ—Ç–∏ —Ü–µ–π –ø–µ—Ä—ñ–æ–¥ –∞–±–æ —Å–ø—Ä–æ–±—É–≤–∞—Ç–∏ –∑–Ω–∞–π—Ç–∏ –Ω–æ–≤–∏–π –º–µ—Ç–æ–¥ –ø–æ –≤–∏–≤—á–µ–Ω–Ω—é - –∑–º—ñ–Ω–∏—Ç–∏ –≤–∏–∫–ª–∞–¥–∞—á–∞, –º–µ—Ç–æ–¥–∏–∫—É, —Ç–µ–º–∞—Ç–∏–∫—É –∑–∞–Ω—è—Ç—å "
18,QA / Testing Specialist,45-54,3-5 —Ä–æ–∫—ñ–≤,5,5,5,4,2,5,5,5,5,5,5,5,3,5,5,5,4,2,4,5,4,5.0,5,4,2,4,5,5,1,5,5,4.0,5,5,5.0,5,1,3,2,3,2,5,1,,
19,Software Engineer / Developer,45-54,–º–µ–Ω—à–µ –Ω—ñ–∂ 1 —Ä—ñ–∫,4,4,3,3,3,4,4,5,4,5,5,3,3,4,4,4,2,3,4,3,2,4.0,4,4,2,3,1,3,1,3,2,,5,4,4.0,4,4,4,4,5,5,4,3,,
20,Software Engineer / Developer,25-34,3-5 —Ä–æ–∫—ñ–≤,4,3,4,3,3,5,2,5,5,5,4,5,3,3,4,4,4,1,4,4,1,,5,4,2,3,5,5,1,2,2,5.0,4,4,,4,2,4,4,4,4,4,2,,"–¢–∞–∫, –∫–æ–ª–∏ –≤–∏–≤—á–∞–ª–∞ —Ç—ñ–ª—å–∫–∏ –¥–ª—è —Å–µ–±–µ —ñ –≤–æ–Ω–∞ —â–µ –Ω–µ –ø–æ—Ç—Ä—ñ–±–Ω–∞ –±—É–ª–∞ –¥–ª—è —Ä–æ–±–æ—Ç–∏"
21,Software Engineer / Developer,25-34,3-5 —Ä–æ–∫—ñ–≤,3,3,3,2,5,1,1,1,2,1,2,1,3,3,3,3,1,4,3,5,4,2.0,4,1,1,3,3,3,2,3,1,1.0,5,1,1.0,1,4,1,3,4,4,4,1,,
22,HR / L&D / Talent / Recruitment Specialist,25-34,1-2 —Ä–æ–∫–∏,4,3,4,4,1,5,3,5,5,5,4,5,2,4,5,4,3,5,5,3,2,5.0,5,3,1,4,4,4,2,4,4,,5,5,4.0,5,4,1,3,4,5,5,5,,
23,Content writer/UI/UX writer,18-24,3-5 —Ä–æ–∫—ñ–≤,5,5,5,2,1,5,4,4,3,5,4,4,4,4,5,5,4,3,5,4,2,5.0,5,2,1,2,5,5,1,1,5,,5,5,3.0,5,2,2,2,4,5,5,5,"–ó–∞–Ω—É—Ä–µ–Ω–Ω—è –≤ –º–æ–≤–Ω–µ —Å–µ—Ä–µ–¥–æ–≤–∏—â–µ üòÖ
–ê–±–æ –≤–∏–∫–æ—Ä–∏—Å—Ç–∞–Ω–Ω—è —ñ–Ω—Ç–µ—Ä–∞–∫—Ç–∏–≤–Ω–∏—Ö –≤–ø—Ä–∞–≤ –¥–µ –ø–æ—î–¥–Ω—î—Ç—å—Å—è –≤–∏–∫–æ—Ä–∏—Å—Ç–∞–Ω–Ω—è –¥–µ–∫—ñ–ª—å–∫–æ—Ö –Ω–∞–≤–∏—á–æ–∫ –≤–æ–¥–Ω–æ—á–∞—Å (–Ω–∞–ø—Ä. —á–∏—Ç–∞–Ω–Ω—è + –ø–∏—Å—å–º–æ + –∞—É–¥—ñ—é–≤–∞–Ω–Ω—è)","–¢–∞–∫, –∫–æ–ª–∏ —ñ–Ω—à–∞ —ñ–Ω–æ–∑–µ–º–Ω–∞ –º–æ–≤–∞ –±—É–ª–∞ –±—ñ–ª—å—à –ø—Ä—ñ–æ—Ä–∏—Ç–µ—Ç–Ω–æ—é –∑–∞ –∞–Ω–≥–ª—ñ–π—Å—å–∫—É –Ω–∞ —Ç–æ–π –º–æ–º–µ–Ω—Ç"
24,BizDev/ Sales,25-34,6-10 —Ä–æ–∫—ñ–≤,4,5,4,4,4,5,4,5,5,5,4,5,5,4,5,2,5,5,5,5,2,5.0,5,3,1,3,5,5,1,5,3,5.0,5,4,5.0,5,1,4,3,5,5,5,5,,
25,Copywriter,25-34,3-5 —Ä–æ–∫—ñ–≤,5,5,4,4,2,5,2,3,3,5,5,5,4,4,4,4,4,4,5,4,1,5.0,5,5,1,3,5,5,2,3,5,,5,5,4.0,5,1,3,3,5,5,5,1,,
26,QA / Testing Specialist,25-34,6-10 —Ä–æ–∫—ñ–≤,5,4,4,4,3,3,3,4,4,3,4,5,2,3,4,4,5,4,4,4,5,5.0,3,5,5,4,5,4,3,4,3,4.0,5,5,4.0,4,1,3,3,3,4,3,4,"–∑–∞ –¥–æ–ø–æ–º–æ–≥–æ—é –∞–Ω–≥–ª—ñ–π—Å—å–∫–æ—ó –≤–∏–≤—á–∞—Ç–∏ —ñ–Ω—à—ñ –º–æ–≤–∏ (–Ω–∞–ø—Ä–∏–∫–ª–∞–¥, –≤ –î—É–æ –¥–ª—è –≤–∏–≤—á–µ–Ω–Ω—è —Ñ—Ä–∞–Ω—Ü—É–∑—å–∫–æ—ó —è–∫ –Ω–µ–π—Ç—ñ–≤ –æ–±—Ä–∞—Ç–∏ –∞–Ω–≥–ª—ñ–π—Å—å–∫—É)","–°—Ç–∞–≤–∞–ª–æ –Ω–µ—Ü—ñ–∫–∞–≤–æ, –≤–∫–ª–∞–¥–µ–Ω—ñ –∑—É—Å–∏–ª–ª—è –Ω–µ –¥–∞–≤–∞–ª–∏ —Ä—ñ–≤–Ω–æ–∑–Ω–∞—á–Ω–æ–≥–æ —Ä–µ–∑—É–ª—å—Ç–∞—Ç—É, —Ç–∏—Å–∫ –∑–∑–æ–≤–Ω—ñ –±—É–≤ –Ω–µ–∞–¥–µ–∫–≤–∞—Ç–Ω–æ —Å–∏–ª—å–Ω–∏–º, —Å–ø—Ä–∏—á–∏–Ω—è—é—á–∏ —Å—É–ø—Ä–æ—Ç–∏–≤"
27,Software Engineer / Developer,18-24,–º–µ–Ω—à–µ –Ω—ñ–∂ 1 —Ä—ñ–∫,5,4,5,3,2,4,5,5,5,3,5,5,5,2,5,5,5,3,4,4,1,4.0,5,5,1,1,5,5,1,5,2,,5,3,5.0,5,1,1,1,5,5,5,3,,"–ù–µ –ø—Ä–∏–ø–∏–Ω—è–ª–∞, –∞–ª–µ –ø–æ–≥—ñ—Ä—à–∏–ª–∏—Å—å –∑–Ω–∞–Ω–Ω—è —ñ –≤—Ç—Ä–∞—Ç–∏–ª–∞—Å—å –º–æ—Ç–∏–≤–∞—Ü—ñ—è –≤ –ø–æ—á–∞—Ç–∫–æ–≤—ñ–π —à–∫–æ–ª—ñ —á–µ—Ä–µ–∑ –≤—á–∏—Ç–µ–ª—è –∑ –ø–æ–≥–∞–Ω–∏–º–∏ –º–µ—Ç–æ–¥–∏–∫–∞–º–∏ –Ω–∞–≤—á–∞–Ω–Ω—è (–∑–∞–ø–∞–º'—è—Ç–æ–≤—É–≤–∞–Ω–Ω—è —Ç–µ–∫—Å—Ç—ñ–≤ —ñ —Ä–æ–∑–∫–∞–∑—É–≤–∞–Ω–Ω—è —ó—Ö –Ω–∞–ø–∞–º'—è—Ç—å —Ç–æ—â–æ), –∞–ª–µ –ø–æ–∫—Ä–∞—â–∏–ª–æ—Å—å, –∫–æ–ª–∏ –π–æ–≥–æ –∑–∞–º—ñ–Ω–∏–ª–∏"
28,QA / Testing Specialist,25-34,6-10 —Ä–æ–∫—ñ–≤,3,2,2,2,2,5,2,3,3,5,4,5,5,3,4,4,4,5,5,4,2,4.0,4,2,1,3,4,5,3,3,5,5.0,5,5,3.0,3,2,5,5,3,5,5,5,,"–¢–∞–∫, —Å—Ç–∞–≤–∞–ª–æ —Å–∫—É—á–Ω–æ —ñ —è –Ω–µ –±–∞—á–∏–ª–∞ –ø—Ä–æ–≥—Ä–µ—Å—É"
29,Content/Marketing,18-24,1-2 —Ä–æ–∫–∏,4,3,4,3,2,4,3,3,3,5,4,5,4,5,4,2,4,3,5,4,1,5.0,5,4,1,3,1,5,1,5,5,5.0,5,5,4.0,4,3,3,3,4,5,4,4,"–ö–æ–ª–∏ –Ω–µ–æ—á—ñ–∫—É–≤–∞–Ω–æ –ø–æ—Ç—Ä–∞–ø–ª—è—î—à –Ω–∞ –≤–µ—á—ñ—Ä–∫—É, –¥–µ –≤—Å—ñ –≥–æ–≤–æ—Ä—è—Ç—å –∞–Ω–≥–ª—ñ–π—Å—å–∫–æ—é, –¥—É–º–∞—î—à —Ö100 —à–≤–∏–¥—à–µ (–Ω–∞–≤—ñ—Ç—å —è–∫—â–æ —Ç—Ä—ñ—à–∫–∏ –ø º—è–Ω–µ–Ω—å–∫–∏–π)üëÄ",
30,PR,35-44,6-10 —Ä–æ–∫—ñ–≤,3,3,3,3,2,5,2,2,2,4,3,4,2,4,2,2,3,3,5,4,2,5.0,4,4,1,3,4,5,3,4,5,5.0,5,5,4.0,3,2,5,3,3,5,5,5,–Ü–Ω–¥–∏–≤—ñ–¥—É–∞–ª—å–Ω—ñ —Ä–µ–≥—É–ª—è—Ä–Ω—ñ –∑—É—Å—Ç—Ä—ñ—á—ñ –∑ –Ω–µ–π—Ç—ñ–≤–∞–º–∏,
31,Software Engineer / Developer,45-54,1-2 —Ä–æ–∫–∏,2,2,1,1,2,2,1,2,1,2,2,2,5,3,5,3,2,4,5,3,3,,5,2,1,3,5,3,3,4,3,,4,5,,3,3,2,2,3,4,2,2,,
32,Software Engineer / Developer,45-54,–ø–æ–Ω–∞–¥ 21 —Ä—ñ–∫,3,2,3,2,3,3,3,2,1,5,5,5,2,4,2,4,4,3,5,4,1,4.0,3,3,3,3,5,2,3,3,3,3.0,5,3,3.0,4,1,5,3,3,5,3,3,"–ù—ñ, –≤–∏–∫–æ—Ä–∏—Å—Ç–æ–≤—É—é –∑–∞–≥–∞–ª—å–Ω–æ –≤—ñ–¥–æ–º–µ. –ê–ª–µ —Ö–æ—á—É —Å–ø—Ä–æ–±—É–≤–∞—Ç–∏ –¥–æ–¥–∞—Ç–æ–∫ –∑ –ê–Ü","–î–∞, –±–æ –Ω–µ –±—É–ª–æ —Å—Ç–∏–º—É–ª—É —Ç–∞ —Å–∞–º–µ –¥–µ —ó—ó –≤–∏–∫–æ—Ä–∏—Å—Ç–æ–≤—É–≤–∞—Ç–∏"
33,–ù–∞—Ä–∞–∑—ñ —É –ó–°–£,45-54,11-20 —Ä–æ–∫—ñ–≤,3,3,2,3,4,5,4,5,3,5,4,5,4,4,4,3,4,4,4,2,3,4.0,4,5,2,2,4,4,2,4,3,4.0,5,4,5.0,5,2,3,3,3,5,4,3,–á—Ö–∞—Ç–∏ —É –º–æ–≤–Ω–µ —Å–µ—Ä–µ–¥–æ–≤–∏—â–µ ,–¢—Ä–µ–±–∞ –±—É–ª–æ –≤—á–∏—Ç–∏ —ñ–Ω—à—É –º–æ–≤—É
34,Software Engineer / Developer,25-34,3-5 —Ä–æ–∫—ñ–≤,5,4,4,4,2,5,4,3,3,4,3,3,3,2,4,4,4,5,5,5,4,5.0,5,4,1,3,5,4,3,5,4,4.0,5,4,4.0,4,1,4,4,4,5,5,4,,"–ó–∞–≤–∞–Ω—Ç–∞–∂–µ–Ω—ñ—Å—Ç—å –Ω–∞ —Ä–∞–±–æ—Ç—ñ —á–∏ –≤ —É–Ω—ñ–≤–µ—Ä—ñ, –ª—ñ–Ω—å"
35,UI/UX or Product Designer,18-24,–º–µ–Ω—à–µ –Ω—ñ–∂ 1 —Ä—ñ–∫,5,4,3,2,3,5,4,4,3,2,4,5,4,3,4,4,4,4,4,5,1,5.0,5,3,1,5,3,5,2,5,5,,5,5,2.0,2,5,4,2,4,5,5,1,,–∑–∞–∫—ñ–Ω—á—É—î—Ç—å—Å—è –Ω–∞—Ç—Ö–Ω–µ–Ω–Ω—è 
36,Software Engineer / Developer,45-54,–ø–æ–Ω–∞–¥ 21 —Ä—ñ–∫,5,4,3,4,4,5,4,5,5,5,5,5,4,3,4,5,5,4,4,4,1,3.0,3,3,4,3,5,4,1,2,3,,4,4,,5,2,4,4,5,5,3,5,,
37,Software Engineer / Developer,25-34,6-10 —Ä–æ–∫—ñ–≤,4,4,3,3,3,4,5,3,2,3,4,5,2,3,3,4,4,4,4,1,1,5.0,4,4,2,3,4,3,3,3,4,3.0,4,4,3.0,4,4,3,3,3,4,3,3,,"–ü—Ä–∏–ø–∏–Ω—è–≤, —Ç–∞–∫ —è–∫ –Ω–µ –º–∞–≤ —á—ñ—Ç–∫–æ—ó –ø–æ—Ç—Ä–µ–±–∏ —É —Ü—å–æ–º—É, –∑–∞–Ω—è—Ç—Ç—è –ø—Ä–æ—Ö–æ–¥–∏–ª–∏ —Å–∫—É—á–Ω–æ"
38,UI/UX or Product Designer,35-44,6-10 —Ä–æ–∫—ñ–≤,3,3,3,2,1,2,2,3,2,2,2,3,4,3,4,4,4,4,4,4,1,3.0,4,3,3,3,2,2,1,3,5,3.0,5,5,3.0,3,2,2,2,5,5,5,4,"–î—É–∂–µ –µ—Ñ–µ–∫—Ç–∏–≤–Ω–æ: 
-–í—á–∏—Ç–∏ –∫–æ–≥–æ—Å—å, —Å—Ç–≤–æ—Ä—é–≤–∞—Ç–∏ –Ω–∞–≤—á–∞–ª—å–Ω–∏–π –∫–æ–Ω—Ç–µ–Ω—Ç. –ü–æ–∫–∏ —Å–∫–ª–∞–¥–∞—î—à –º–∞—Ç–µ—Ä—ñ–∞–ª–∏ —ñ –ø–æ—è—Å–Ω—é—î—à, —Å–∞–º –∑–≥–∞–¥—É—î—à —ñ –ø—Ä–∞–∫—Ç–∏–∫—É—î—à
-–ü–æ–≥—Ä—É–∑–∏—Ç–∏ —Å–µ–±–µ –≤ –∞–Ω–≥–ª–æ–º–æ–≤–Ω–µ —Å–µ—Ä–µ–¥–æ–≤–∏—â–µ, –¥–µ –ø—Ä–æ—Å—Ç–æ –Ω–µ–º–∞—î —ñ–Ω—à–æ–≥–æ –≤–∞—Ä—ñ–∞–Ω—Ç—É —è–∫ –≤–∏–∫–æ—Ä–∏—Å—Ç–æ–≤—É–≤–∞—Ç–∏ –∞–Ω–≥–ª—ñ–π—Å—å–∫—É
-–í–µ–¥–µ–Ω–Ω—è —â–æ–¥–µ–Ω–Ω–∏–∫–∞, –±–ª–æ–≥—É –∞–Ω–≥–ª—ñ–π—Å—å–∫–æ—é, –ø–∏—Å–∞—Ç–∏ –Ω–æ—Ç–∞—Ç–∫–∏
-–•–æ–±–±—ñ –∞–Ω–≥–ª—ñ–π—Å—å–∫–æ—é
-–ó—É—Å—Ç—Ä—ñ—á—ñ –∑ –¥—Ä—É–∑—è–º–∏ –∞–Ω–≥–ª—ñ–π—Å—å–∫–æ—é
-–Ü–≥—Ä–∏ –Ω–∞ –∫–æ–∂–µ–Ω –¥–µ–Ω—å. –õ—é–±–ª—é –î–∞–ù—ñ –≥—Ä–∞—Ç–∏ –∞–±–æ –ö–æ—Ä–æ–≤–∞) 
-–í—á–∏—Ç–∏ —ñ–Ω—à—É –º–æ–≤—É, –¥–µ –≤—á–∏—Ç–µ–ª—å –∞–Ω–≥–ª—ñ–π—Å—å–∫–æ—é –ø–æ—è—Å–Ω—é—î. –Ø –ø—Ä–æ–±—É–≤–∞–ª–∞ –≤  —ñ—Ç–∞–ª—ñ–π—Å—å–∫—É  —Ç–∞–∫ –∑–∞–π—Ç–∏. –ë—É–ª–æ —Ü—ñ–∫–∞–≤–æ:) –í—á–∏—à –Ω–æ–≤–µ —Å–ª–æ–≤–æ —ñ—Ç–∞–ª—ñ–π—Å—å–∫–æ—é, –∞ –ø–∏—Ç–∞—î—à –∞–Ω–≥–ª—ñ–π—Å—å–∫–æ—é –ø—Ä–æ –ø—Ä–∞–≤–∏–ª–∞ –≤–∏–∫–æ—Ä–∏—Å—Ç–∞–Ω–Ω—è, –Ω–∞–ø—Ä–∏–∫–ª–∞–¥. –°–ø–∞–¥–∞—î –Ω–∞–ø—Ä—É–≥–∞ —â–æ—Å—å –≥–æ–≤–æ—Ä–∏—Ç–∏ –∞–Ω–≥–ª—ñ–π—Å—å–∫–æ—é, –∑–≥–∞–¥—É—î—à —Å–ª–æ–≤–∞, –¥—É–º–∞—î—à –∞–Ω–≥–ª—ñ–π—Å—å–∫–æ—é —è–∫ —Ä—ñ–¥–Ω–æ—é. 

–ù–µ–µ—Ñ–µ–∫—Ç–∏–≤–Ω–æ
-10 –∑–∞—Å—Ç–æ—Å—É–Ω–∫—ñ–≤ –æ–¥—Ä–∞–∑—É, —Å–∫–ª–∞–¥–Ω–æ —Å–∏—Å—Ç–µ–º–Ω–æ —Ç–∞–∫ –≤–∏–≤—á–∞—Ç–∏
- –ì—Ä—É–ø–∏ –∫–ª–∞—Å–∏—á–Ω—ñ. –ú–µ–Ω—ñ –∑–∞–≤–∂–¥–∏ —á–∞—Å —à–∫–æ–¥–∞ 
- –ó–∞–≥–∞–ª—å–Ω–∞ –Ü–¢ –∞–Ω–≥–ª—ñ–π—Å—å–∫–∞. –Ø–∫ –¥–∏–∑–∞–π–Ω–µ—Ä—É –º–µ–Ω—ñ –Ω–µ –∑–∞—Ö–æ–¥–∏—Ç—å –≤—á–∏—Ç–∏ –ø—Ä–æ —Ç–æ–∫–µ–Ω–∏ –∑ –ø—Ä–æ–≥—Ä–∞–º—ñ—Å—Ç–∞–º–∏. –í –∂–∏—Ç—Ç—ñ –º–∞–ª–æ —Ü—å–æ–≥–æ —Å–ø—ñ–ª–∫—É–≤–∞–Ω–Ω—è, –≤ —ñ–Ω—Ç–µ—Ä–µ—Å–∏ –Ω–µ –ø–æ–ø–∞–¥–∞—î.. –Ü –≤—á–∏—Ç–∏—Å—å —Å—Ç–∞—î –Ω—É–¥–Ω–æ —Ç–æ–º—É. –ê –æ—Ç small talk —á–∏ –∫—Ä–∏–∑–æ–≤—ñ –∫–æ–º—É–Ω—ñ–∫–∞—Ü—ñ—ó- –∫–æ—Ä–∏—Å–Ω—ñ —Ç–µ–º–∏.. –¢—É—Ç –≤–∏–±—ñ—Ä–∫–æ–≤–æ 
-–í—á–∏—Ç–∏ —Å–ª–æ–≤–∞ –±–µ–∑ –∫–æ–Ω—Ç–µ–∫—Å—Ç—É 
-–†–æ–±–∏—Ç–∏ 2 –≤–ø—Ä–∞–≤–∏ –Ω–∞ –ø—Ä–∞–≤–∏–ª–æ –ø–æ –Ω–æ–≤—ñ–π –≥—Ä–∞–º–∞—Ç–∏—Ü—ñ. –ù–∞—á–µ–±—Ç–æ —ñ –∑—Ä–æ–±–∏–≤, –∞ —á–µ—Ä–µ–∑ —Ç–∏–∂–¥–µ–Ω—å –∑–∞–±—É–≤. –î–æ–±—Ä–µ —è–∫—â–æ —Ç—Ä–µ–Ω–∞–∂–µ—Ä–∏ —ñ –¥–æ –∞–≤—Ç–æ–º–∞—Ç–∏–∑–º—É, —á–∏ –ø–æ–≤—Ç–æ—Ä—é–≤–∞—Ç–∏ —á–µ—Ä–µ–∑ —ñ–Ω—Ç–µ—Ä–≤–∞–ª–∏","- –®–∫–æ–ª–∞ –∑–º—ñ–Ω–∏–ª–∞ —Å—Ç—Ä–∞—Ç–µ–≥—ñ—é. –ü–æ–º—ñ–Ω—è–ª–∏ –∫–æ–Ω—Ç–µ–Ω—Ç –Ω–∞ –ø–ª–∞—Ç—Ñ–æ—Ä–º—ñ. –°—Ç–∞–ª–æ –±—ñ–ª—å—à–µ –ê–Ü —ñ –º–µ–Ω—à–µ —Ñ—ñ–¥–±–µ–∫—É, –≤–ø—Ä–∞–≤. –ë—ñ–ª—å—à–µ —Å—Ç–∞–ª–æ —Å—Ö–æ–∂–µ –Ω–∞ —ñ–≥—Ä–∞—à–∫—É
- –ù–µ –ø—ñ–¥—ñ–π—à–æ–≤ –≤—á–∏—Ç–µ–ª—å
- –ù–µ –±—É–ª–æ –±–∞–ª–∞–Ω—Å—É –Ω–∞–≤–∏—á–æ–∫. –ù—É–¥–Ω–∞ –≥—Ä–∞–º–∞—Ç–∏–∫–∞ –∞–±–æ —Å–ª–æ–≤–∞ –±–µ–∑ —ó—Ö –≤–∏–∫–æ—Ä–∏—Å—Ç–∞–Ω–Ω—è
- –ì–µ–π–º—ñ—Ñ—ñ–∫–∞—Ü—ñ—è –±—ñ–ª—å—à–µ –Ω—ñ–∂ —è–∫—ñ—Å—Ç—å –Ω–∞–≤—á–∞–Ω–Ω—è. –Ø –∑—Ä–æ–∑—É–º—ñ–ª–∞, —â–æ —â–æ—Å—å –≤—á—É, —â–æ–± –ø–æ–±–∏—Ç–∏ –∫–æ–≥–æ—Å—å —É —Ä–µ–π—Ç–∏–Ω–≥—É. –ê –∑–≤—ñ–¥—Ç–∏ –≤—á–∏–ª–∞ —è–∫ –ø–æ–ø–∞–ª–æ, –∞–ª–µ —Å–∫–æ—Ä—ñ—à–µ
- –ù–µ—Ü—ñ–∫–∞–≤–∏–π –∫–æ–Ω—Ç–µ–Ω—Ç (—Ç–µ–º–∏). –¶–µ –ø—Ä—è–º –∫–∞—Ç–æ—Ä–≥–∞, –∑–º—É—à—É—î—à —Å–µ–±–µ —â–æ—Å—å —Ä–æ–±–∏—Ç–∏
- –ù–µ –≤—ñ–¥—á—É–≤–∞–ª–∞ —Ä–µ–∑—É–ª—å—Ç–∞—Ç—É. –ù–∞ –º—ñ—Å—Ü—ñ —Ç–æ–≤—á–µ—à—Å—è 
- –ù–µ —Ö–æ–¥–∏–ª–∞ –Ω–∞ –∞–Ω–≥–ª—ñ–π—Å—å–∫—É –Ω–∞ —Ä–æ–±–æ—Ç—ñ, –±–æ –Ω–µ —Ö–æ—Ç—ñ–ª–∞ –æ–±–≥–æ–≤–æ—Ä—é–≤–∞—Ç–∏ –æ—Å–æ–±–∏—Å—Ç–µ –∑ –∫–æ–ª–µ–≥–∞–º–∏. –ù–µ–∫–æ–º—Ñ–æ—Ä—Ç–Ω–æ 
- –°—Ç—Ä–∞—Ö –≥–æ–≤–æ—Ä–∏—Ç–∏ –∑ –Ω–æ—Å—ñ—è–º–∏"
39,HR / L&D / Talent / Recruitment Specialist,25-34,6-10 —Ä–æ–∫—ñ–≤,4,3,3,3,3,5,4,3,2,5,4,3,4,3,3,2,3,3,4,2,5,3.0,5,3,2,5,4,3,5,3,5,4.0,5,5,4.0,4,2,5,3,3,5,5,3,,"–ü—Ä–∏–ø–∏–Ω—è–ª–∞ –¥–µ–∫—ñ–ª—å–∫–∞ —Ä–∞–∑,  –∑–∞–∑–≤–∏—á–∞–π –ø—Ä–∏—á–∏–Ω–∞ –±—É–ª–∞ —â–æ –Ω–µ –≤–∏—Å—Ç–∞—á–∞–ª–æ —á–∞—Å—É —á–∏ —Å–∏–ª –¥–ª—è –≤–∏–∫–æ–Ω–∞–Ω–Ω—è –¥–æ–º–∞—à–Ω—ñ—Ö –∑–∞–≤–¥–∞–Ω—å. –ê –±–µ–∑ —Å–∞–º–æ—Å—Ç—ñ–π–Ω–æ—ó —Ä–æ–±–æ—Ç–∏ —Ä–µ–∑—É–ª—å—Ç–∞—Ç –Ω–µ —Ç–∞–∫–∏–π –æ—á–µ–≤–∏–¥–Ω–∏–π. –Ü–Ω—à–∏–π –º–æ–º–µ–Ω—Ç —â–æ –Ω–∞—Å–ø—Ä–∞–≤–¥—ñ –≤ —Ä–æ–±–æ—Ç—ñ —á–∞—Å—Ç–æ –≤–∏–∫–æ—Ä–∏—Å—Ç–æ–≤—É—î—à –æ–¥–Ω—ñ –π —Ç—ñ –∂ —Ñ—Ä–∞–∑–∏, —â–æ –¥–æ–≤–æ–ª—ñ —à–∞–±–ª–æ–Ω–Ω–æ —ñ —Ç–µ–∂ –Ω–µ —Å–ø—Ä–∏—è—î —Ä–æ–∑–≤—É—Ç–∫—É. "
40,IT Manager / Team Lead / C-Level,25-34,6-10 —Ä–æ–∫—ñ–≤,5,4,4,4,3,5,3,3,3,4,4,5,4,4,2,5,5,4,5,4,1,5.0,5,4,5,3,5,5,2,5,2,5.0,5,5,5.0,5,1,3,2,4,5,2,2,,–ü—Ä–∏–ø–∏–Ω—è–≤ —á–µ—Ä–µ–∑ –≤—ñ–¥—Å—É—Ç–Ω—ñ—Å—Ç—å —á–∞—Å—É —Ç–∞ —Å–ø–∞–¥ –º–æ—Ç–∏–≤–∞—Ü—ñ—ó —á–µ—Ä–µ–∑ –¥–æ–≤–æ–ª—ñ –¥–æ–≤–≥–µ –≤–∏–≤—á–µ–Ω–Ω—è –∑ –Ω–æ—Å—ñ—î–º
41,HR / L&D / Talent / Recruitment Specialist,25-34,3-5 —Ä–æ–∫—ñ–≤,4,2,3,2,2,3,3,2,3,3,3,3,4,4,5,5,5,5,5,1,2,3.0,5,3,5,5,4,5,1,5,5,5.0,5,5,5.0,1,1,5,5,5,5,5,5,,
42,IT Manager / Team Lead / C-Level,35-44,3-5 —Ä–æ–∫—ñ–≤,4,4,3,2,2,4,3,3,2,3,2,2,4,3,4,1,3,4,4,3,3,3.0,5,2,1,4,4,2,3,4,4,2.0,3,4,3.0,3,2,2,2,2,4,3,2,,
43,Software Engineer / Developer,35-44,–ø–æ–Ω–∞–¥ 21 —Ä—ñ–∫,5,3,5,5,3,4,5,4,3,3,4,5,4,4,4,4,5,4,5,3,2,5.0,3,5,3,1,5,5,3,3,1,3.0,5,5,5.0,5,3,1,3,5,5,5,5,,
44,Support / IT Helpdesk / Technical Support,25-34,1-2 —Ä–æ–∫–∏,2,1,1,1,3,5,1,2,1,4,1,1,5,4,3,2,3,5,5,2,1,,5,1,1,3,4,5,2,5,3,,5,4,,2,3,3,3,4,5,3,4,,–ù–µ –±—É–ª–æ –ø–æ—Ç—Ä–µ–±–∏
45,Support / IT Helpdesk / Technical Support,35-44,11-20 —Ä–æ–∫—ñ–≤,3,2,2,1,2,5,4,4,4,2,4,5,3,4,5,3,5,2,5,3,4,,5,3,1,5,4,3,3,5,5,4.0,5,4,,5,3,4,4,3,5,5,5,,1) –ù–µ –±—É–ª–æ –º–µ—Ç–∏. 2) –Ω–µ –±–∞—á–∏–ª–∞ –ø—Ä–æ–≥—Ä–µ—Å—É
46,QA / Testing Specialist,25-34,3-5 —Ä–æ–∫—ñ–≤,4,4,4,3,3,4,3,4,4,5,4,5,3,4,5,4,3,2,5,5,3,5.0,4,4,1,3,5,4,1,4,4,4.0,5,5,5.0,5,3,2,2,4,4,5,5,,
47,Software Engineer / Developer,35-44,6-10 —Ä–æ–∫—ñ–≤,3,3,3,3,2,3,4,4,4,4,4,5,4,3,4,3,4,4,4,2,3,2.0,5,3,1,4,4,3,4,4,3,4.0,4,4,2.0,3,2,2,2,1,4,2,3,,
48,Software Engineer / Developer,35-44,11-20 —Ä–æ–∫—ñ–≤,4,4,3,4,1,4,4,2,2,4,2,3,5,4,3,2,4,5,5,3,4,4.0,4,4,2,3,3,4,1,2,5,3.0,5,3,4.0,5,3,4,3,4,5,5,3,"–ü–æ–≤–∏–Ω–Ω–∞ –±—É—Ç–∏ –ø–æ—Å—Ç—ñ–π–Ω–∞ –ø—Ä–∞–∫—Ç–∏–∫–∞ –≤–∏–∫–æ—Ä–∏—Å—Ç–∞–Ω–Ω—è –≤–∏–≤—á–µ–Ω–æ–≥–æ –º–∞—Ç–µ—Ä—ñ–∞–ª—É, —ñ–Ω–∞–∫—à–µ –≤—Å–µ —à–≤–∏–¥–∫–æ –∑–∞–±—É–≤–∞—î—Ç—å—Å—è, —ñ —Ç–µ —â–æ –≤–∏–∫–æ—Ä–∏—Å—Ç–æ–≤—É—î—Ç—å—Å—è –ø–æ—Å—Ç—ñ–π–Ω–æ –≤ —Ä–æ–±–æ—Ç—ñ, —Ç–µ –∫—Ä–∞—â–µ –∑–∞–∫—Ä—ñ–ø–ª—é—î—Ç—å—Å—è.","–ü—Ä–∏–ø–∏–Ω—è–ª–∞, —á–∞—Å—Ç—ñ—à–µ –∑–∞ –≤—Å–µ —Ç–æ–¥—ñ –∫–æ–ª–∏ –≤ —Ä–æ–±–æ—Ç—ñ –Ω–µ –±—É–ª–∞ –ø–æ—Ç—Ä—ñ–±–Ω–∞ —É —Ä–æ–∑–º–æ–≤–∞—Ö —á–∏ –ª–∏—Å—Ç—É–≤–∞–Ω–Ω—è—Ö. –Ü –∂–∞–ª–∫—É–≤–∞–≤ —â–æ –ø—Ä–∏–ø–∏–Ω—è–ª–∞, —Ç–æ–º—É —â–æ –±–µ–∑ –ø—Ä–∞–∫—Ç–∏–∫–∏ —à–≤–∏–¥–∫–æ –∑–∞–±—É–≤–∞—î—Ç—å—Å—è —ñ –Ω–∞–≤–∏—á–∫–∏ –≥—É–±–ª—è—Ç—å—Å—è."
49,Product / Project Manager,25-34,11-20 —Ä–æ–∫—ñ–≤,4,4,5,4,2,5,4,4,5,3,4,4,3,5,5,4,4,3,4,4,1,5.0,5,3,1,3,2,5,1,5,4,4.0,5,4,5.0,4,1,1,2,3,5,5,4,,
50,DevOps / Infrastructure Engineer,45-54,–ø–æ–Ω–∞–¥ 21 —Ä—ñ–∫,4,4,4,4,3,5,4,3,4,5,4,4,3,3,3,4,4,3,4,5,1,4.0,4,4,1,3,5,3,1,3,3,5.0,4,4,4.0,4,2,3,4,4,4,3,4,,
51,Software Engineer / Developer,25-34,6-10 —Ä–æ–∫—ñ–≤,4,3,3,3,1,5,5,3,4,5,4,4,4,4,4,4,4,4,4,4,4,5.0,4,3,2,3,5,5,3,5,3,5.0,4,4,3.0,4,3,2,2,3,4,5,4,–∫–æ—Ä–æ—Ç–∫—ñ –≤—ñ–¥–µ–æ –∑ –æ–ø–∏—Ç—É–≤–∞–Ω–Ω—è–º —Å–ª—ñ–≤ —Ä—ñ–∑–Ω–æ–≥–æ —Ä—ñ–≤–Ω—è –º–µ–Ω—ñ –∑–¥–∞–ª–∏—Å—è –¥–æ–≤–æ–ª—ñ –µ—Ñ–µ–∫—Ç–∏–≤–Ω–∏–º–∏,
52,HR / L&D / Talent / Recruitment Specialist,35-44,6-10 —Ä–æ–∫—ñ–≤,5,4,4,4,2,5,2,5,5,5,5,5,3,5,4,4,4,3,4,2,4,5.0,5,4,2,2,4,4,2,3,3,4.0,5,4,5.0,5,3,2,2,3,4,4,3,,
53,HR / L&D / Talent / Recruitment Specialist,35-44,3-5 —Ä–æ–∫—ñ–≤,4,3,3,4,2,5,3,4,3,5,2,4,4,4,4,3,3,4,4,5,1,5.0,5,3,1,4,4,3,2,5,5,,5,5,4.0,5,1,3,3,3,5,3,3,-,
54,Business / Systems Analyst,35-44,11-20 —Ä–æ–∫—ñ–≤,3,3,2,2,1,5,3,3,3,5,3,3,5,5,3,3,5,5,5,5,1,5.0,5,1,1,5,5,5,3,3,5,5.0,5,5,5.0,5,1,3,3,5,5,5,5,–í –º–æ—î–º—É –≤–∏–ø–∞–¥–∫—É –ø—Ä–∞—Ü—é—î –ª–∏—à–µ –ø—Ä–∞–∫—Ç–∏–∫–∞ —Ä–µ–∞–ª—å–Ω–æ–≥–æ —Å–ø—ñ–ª–∫—É–≤–∞–Ω–Ω—è.,–¢–∞–∫ –ø—Ä–∏–ø–∏–Ω—è–≤ –±–æ –±—É–≤ –¥—É—Ä–Ω–∏–º.
55,Software Engineer / Developer,35-44,6-10 —Ä–æ–∫—ñ–≤,4,3,5,3,2,5,4,4,4,4,4,5,4,3,4,4,4,5,5,2,2,5.0,5,4,1,2,5,5,2,5,5,5.0,5,5,4.0,4,1,1,2,4,5,5,5,,
56,Accountant,35-44,6-10 —Ä–æ–∫—ñ–≤,3,3,2,2,3,5,3,3,3,3,3,2,5,5,4,4,3,5,5,1,1,4.0,4,3,1,4,3,5,1,3,4,,5,5,4.0,4,3,4,1,5,5,5,4,–ü–æ–¥–∫–∞—Å—Ç–∏,–ú–µ–Ω—ñ –ø–æ—Ç—Ä—ñ–±–Ω–∞ –±—É–ª–∞ –≤—ñ–¥–ø—É—Å—Ç–∫–∞ 
57,Product / Project Manager,35-44,6-10 —Ä–æ–∫—ñ–≤,4,4,4,4,2,2,2,2,2,2,2,3,3,4,5,4,5,3,4,5,1,3.0,5,5,1,3,5,5,3,4,3,3.0,5,3,4.0,1,1,2,2,4,4,5,3,,
58,Software Engineer / Developer,25-34,11-20 —Ä–æ–∫—ñ–≤,4,1,2,2,1,5,3,2,2,4,5,4,2,1,3,3,5,1,4,1,4,5.0,3,2,4,5,5,1,5,2,4,3.0,5,1,3.0,4,1,4,2,1,4,1,1,Preparations to English exams like IELTS/CELPIP,"I finished one course and was moved onto next one. I didn‚Äôt like either the new teacher, or new classmates (they didn‚Äôt like me too, I think). "
59,Data / AI Specialist,35-44,6-10 —Ä–æ–∫—ñ–≤,4,3,4,3,3,5,2,4,4,4,4,5,4,3,5,4,4,4,5,4,2,5.0,4,3,1,3,4,3,3,4,5,3.0,4,3,3.0,3,1,4,3,2,5,3,2,,–Ø –∑–∞–Ω–∏–º–∞–ª–∞—Å—å –≤ –≥—Ä—É–ø–ø–µ –∏ —Ç—Ä–∞—Ç–∏–ª–∞ –Ω–∞ –∑–∞–Ω—è—Ç–∏–µ –±–æ–ª—å—à–µ –≤—Ä–µ–º–µ–Ω–∏ —á–µ–º –ø–æ–ª—É—á–∞–ª–∞ –ø–æ–ª—å–∑—É
60,QA / Testing Specialist,35-44,1-2 —Ä–æ–∫–∏,3,3,3,3,2,4,5,2,3,4,3,5,4,4,3,3,4,3,4,4,4,,4,3,1,4,4,3,2,4,5,2.0,5,5,2.0,3,3,3,4,4,5,5,4,,
61,Growth Marketing,25-34,6-10 —Ä–æ–∫—ñ–≤,5,5,5,5,3,5,3,4,4,5,4,5,4,3,5,4,3,3,5,5,3,5.0,5,5,1,2,5,5,2,5,3,5.0,5,4,5.0,5,1,1,1,4,4,5,5,"–ï—Ñ–µ–∫—Ç–∏–≤–Ω—ñ - –º–æ–≤–Ω–µ —Å–µ—Ä–µ–¥–æ–≤–∏—â–µ
–ù–µ–µ—Ñ–µ–∫—Ç–∏–≤–Ω—ñ - –∫–æ–Ω—Ü–µ–Ω—Ç—Ä–∞—Ü—ñ—è –ª–∏—à–µ –Ω–∞ –æ–¥–Ω–æ–º—É –∑ –Ω–∞–≤–∏—á–æ–∫ (—á–∏—Ç–∞–Ω–Ω—è, —Å–ª—É—Ö–∞–Ω–Ω—è, –≥—Ä–∞–º–∞—Ç–∏–∫–∞)",–Ø –Ω–µ—é –∂–∏–≤—É
62,–ú–∞—Ä–∫–µ—Ç–∏–Ω–≥,25-34,3-5 —Ä–æ–∫—ñ–≤,4,4,3,5,1,5,4,3,3,3,3,4,2,4,1,1,4,2,5,5,3,4.0,4,5,1,2,5,3,1,1,1,4.0,5,3,4.0,4,2,3,4,5,5,5,2,,
63,IT Manager / Team Lead / C-Level,35-44,11-20 —Ä–æ–∫—ñ–≤,5,4,4,3,2,5,1,4,2,3,4,5,2,2,4,4,4,3,4,3,1,5.0,5,4,1,5,4,4,3,4,4,,5,5,4.0,4,3,3,3,3,3,3,3,"–ü–µ—Ä–µ—ó—Ö–∞—Ç–∏ –≤ –∞–Ω–≥–ª–æ–º–æ–≤–Ω–µ –æ—Ç–æ—á–µ–Ω–Ω—è, –ø—Ä–∞–∫—Ç–∏–∫—É–≤–∞—Ç–∏ –∫–æ–∂–µ–Ω –¥–µ–Ω—å. –í—Å–µ —ñ–Ω—à–µ –¥–ª—è –≥–∞–ª–æ—á–∫–∏ —ñ —Ç–∏ –º–æ–∂–µ—à –≤ –±—ñ–ª—å—à–æ—Å—Ç—ñ —Ç—ñ–ª—å–∫–∏ –ø—ñ–¥—Ç—Ä–∏–º—É–≤–∞—Ç–∏ —Å–≤—ñ–π —Ä—ñ–≤–µ–Ω—å. –ü—Ä–∏ –∑–∞–Ω—è—Ç—Ç—è—Ö —Ä–µ–≥—É–ª—è—Ä–Ω–∏—Ö –∑ –≤–∏–∫–ª–∞–¥–∞—á–µ–º - –º–æ–∂–Ω–∞ –ø–æ–∫—Ä–∞—â—É–≤–∞—Ç–∏ –ø–æ—Ç—Ä–æ—Ö—É —Ä—ñ–≤–µ–Ω—å —ñ. –≤—ñ–¥—Ç–æ—á—É–≤–∞—Ç–∏ –≥—Ä–∞–º–∞—Ç—ñ–∫—É","—Ñ—ñ–Ω–∞–Ω—Å–æ–≤–∞ —Å—Ç–æ—Ä–æ–Ω–∞, –∑–æ–≤–Ω—ñ—à–Ω—è –ø–æ—Ç—Ä–µ–±–∞ –∑–Ω–∏–∫–ª–∞ —ñ –ø—Ä–∞–∫—Ç–∏—á–Ω–µ –≤–∏–∫–æ—Ä–∏—Å—Ç–∞–Ω–Ω—è —Ç–µ–∂ –Ω–µ –ø–æ—Ç—Ä—ñ–±–Ω–µ –≤ –±—É–¥–µ–Ω–Ω–æ–º—É –∂–∏—Ç—Ç—ñ"
64,Program Manager,35-44,11-20 —Ä–æ–∫—ñ–≤,4,4,4,4,1,3,1,3,3,2,2,2,1,3,4,4,4,1,1,2,2,5.0,5,5,1,2,5,4,1,5,1,4.0,1,3,5.0,5,1,1,1,1,3,3,1,,
65,HR / L&D / Talent / Recruitment Specialist,25-34,3-5 —Ä–æ–∫—ñ–≤,5,4,3,3,3,4,2,4,4,5,4,5,4,4,4,2,4,5,5,2,3,,4,3,2,3,2,4,2,3,4,,5,4,,5,3,3,3,4,5,4,3,,
66,DevOps / Infrastructure Engineer,35-44,6-10 —Ä–æ–∫—ñ–≤,4,4,3,3,3,5,3,3,1,4,3,4,3,4,3,3,4,3,4,4,1,4.0,2,4,4,2,2,3,2,2,2,4.0,4,4,4.0,4,2,3,3,3,4,2,2,,
67,Software Engineer / Developer,35-44,6-10 —Ä–æ–∫—ñ–≤,5,4,5,4,4,5,4,2,2,1,5,5,5,1,3,5,5,5,5,2,1,5.0,5,4,1,4,5,5,2,5,5,5.0,5,5,4.0,4,1,1,1,5,5,5,5,,
68,HR / L&D / Talent / Recruitment Specialist,35-44,6-10 —Ä–æ–∫—ñ–≤,2,2,2,2,2,4,4,4,4,4,4,5,4,4,3,3,4,4,3,2,2,5.0,4,4,4,3,2,3,2,3,3,4.0,4,4,4.0,4,1,2,3,4,4,3,3,,
69,IT Manager / Team Lead / C-Level,45-54,11-20 —Ä–æ–∫—ñ–≤,4,3,2,2,2,3,2,3,2,2,3,2,3,4,4,3,3,1,5,4,2,,3,4,4,5,4,5,1,5,5,,5,4,,4,5,4,3,5,5,5,5,,–ß–µ—Ä–µ–∑ –≤–∏—Å–æ–∫–µ —Ä–æ–±–æ—á–µ –Ω–∞–≤–∞–Ω—Ç–∞–∂–µ–Ω–Ω—è —Ç–∞ –Ω–∞ —Ç–æ–π –º–æ–º–µ–Ω—Ç —á–∞—Å—É –≤—ñ–¥—Å—É—Ç–Ω—ñ—Å—Ç—å –ø—Ä—è–º–æ—ó –ø–æ—Ç—Ä–µ–±–∏
70,Software Engineer / Developer,35-44,6-10 —Ä–æ–∫—ñ–≤,5,5,4,4,3,5,5,4,3,4,5,5,4,5,4,4,4,5,4,5,1,5.0,5,4,1,3,5,5,1,5,1,5.0,5,5,5.0,5,1,4,4,5,5,5,4,,
71,Software Engineer / Developer,25-34,3-5 —Ä–æ–∫—ñ–≤,4,3,4,4,3,5,3,2,2,4,2,3,3,4,4,4,3,3,5,2,3,4.0,4,4,2,3,5,3,2,4,3,4.0,5,4,4.0,4,2,3,3,3,4,3,4,,
72,Software Engineer / Developer,25-34,11-20 —Ä–æ–∫—ñ–≤,5,3,4,3,1,4,5,2,1,1,5,5,2,1,5,4,4,3,5,1,5,5.0,4,4,2,5,5,3,4,5,3,2.0,4,5,5.0,5,1,2,2,2,4,4,3,"–ß–∏—Ç–∞–Ω–Ω—è —Ö—É–¥–æ–∂–Ω—å–æ—ó –ª—ñ—Ç–µ—Ä–∞—Ç—É—Ä–∏ –Ω–∞–π–±—ñ–ª—å—à –µ—Ñ–µ–∫—Ç–∏–≤–Ω–∏–π —Å–ø–æ—Å—ñ–± –¥–ª—è –º–µ–Ω–µ –∑–±—ñ–ª—å—à–∏—Ç–∏ —Å–ª–æ–≤–Ω–∏–∫, —Ç–∞–∫ –≤—ñ–¥—Ä–µ—Ñ–ª–µ–∫—Å—É–≤–∞—Ç–∏ —Å—Ç–∏–ª—ñ—Å—Ç–∏–∫—É –º–æ–≤–ª–µ–Ω–Ω—è, —ñ–¥—ñ–æ–º–∏, –≥—Ä–∞–º–∞—Ç–∏–∫—É, —Ç–æ—â–æ.",
73,HR / L&D / Talent / Recruitment Specialist,35-44,3-5 —Ä–æ–∫—ñ–≤,4,2,4,4,1,3,1,3,1,1,1,4,1,4,1,1,3,5,5,2,1,4.0,2,1,2,4,4,1,5,1,4,5.0,5,5,3.0,4,3,4,4,1,5,1,1,,–∏–∑-–∑–∞ –ø—Ä–µ–ø–æ–¥–∞–≤–∞—Ç–µ–ª—è –∏ —Å–º–µ–Ω—ñ –ø—Ä–∏–æ—Ä–∏—Ç–µ—Ç–æ–≤
74,Software Engineer / Developer,18-24,6-10 —Ä–æ–∫—ñ–≤,5,4,5,3,1,2,5,5,4,2,5,2,1,4,5,5,3,1,5,1,1,3.0,1,1,1,1,3,1,1,1,1,3.0,5,1,2.0,2,4,1,1,5,5,5,5,"twitter –µ—Ñ–µ–∫—Ç–∏–≤–Ω–∏–π
–µ—Ç–∏–º–æ–ª–æ–≥—ñ—á–Ω–∏–π —Å–ª–æ–≤–Ω–∏–∫ –µ—Ñ–µ–∫—Ç–∏–≤–Ω–∏–π",
75,Finance,25-34,3-5 —Ä–æ–∫—ñ–≤,5,5,5,4,3,5,5,4,5,5,4,5,5,5,5,5,5,5,5,5,3,4.0,5,4,1,4,3,3,1,4,5,3.0,5,4,4.0,4,4,1,3,4,5,5,5,,
76,HR / L&D / Talent / Recruitment Specialist,35-44,3-5 —Ä–æ–∫—ñ–≤,4,3,3,3,3,5,4,4,4,5,4,5,4,4,5,4,4,3,5,5,3,5.0,4,4,2,4,4,5,3,4,4,4.0,4,5,4.0,3,2,2,2,3,5,5,3,ENG program ,–ù–µ –±—É–ª–æ –ø–æ—Ç—Ä–µ–±–∏ –≤ —Ä–æ–±–æ—Ç—ñ 
77,Software Engineer / Developer,45-54,–ø–æ–Ω–∞–¥ 21 —Ä—ñ–∫,5,5,5,5,3,3,3,4,4,5,5,5,3,3,4,4,4,1,4,1,1,5.0,3,4,5,4,5,3,3,4,5,5.0,4,5,5.0,5,1,2,5,3,5,5,5,–ø–æ–≤—Å—è–∫–¥–µ–Ω–Ω–µ —Å–ø—ñ–ª–∫—É–≤–∞–Ω–Ω—è,
78,DevOps / Infrastructure Engineer,35-44,11-20 —Ä–æ–∫—ñ–≤,3,3,3,3,2,5,4,5,5,5,3,5,2,3,5,4,5,2,4,5,3,4.0,5,3,1,5,5,3,2,5,4,4.0,5,4,4.0,4,1,3,4,5,5,3,5,,
79,IT Manager / Team Lead / C-Level,25-34,11-20 —Ä–æ–∫—ñ–≤,5,4,5,4,3,3,4,4,3,3,4,3,3,4,5,5,4,2,3,4,3,2.0,3,5,2,4,5,4,3,4,3,4.0,4,3,4.0,3,2,1,1,3,4,4,2,,
80,Software Engineer / Developer,18-24,3-5 —Ä–æ–∫—ñ–≤,4,4,5,5,1,4,3,5,4,4,5,5,2,4,5,5,4,3,4,2,1,3.0,5,5,1,2,5,3,2,5,3,3.0,5,4,5.0,5,1,1,4,3,3,4,2,"–°—Ö–æ–∂–µ, –Ω–∞ –≤–∂–µ –∑–≥–∞–¥–∞–Ω–µ, –∞–ª–µ –≤–∏—Ä—ñ—à–∏–≤ —É—Ç–æ—á–Ω–∏—Ç–∏ - –ø–µ—Ä–µ–≥–ª—è–¥ –≤—ñ–¥–µ–æ/—Ñ—ñ–ª—å–º—ñ–≤ —Å —Å—É–±—Ç–∏—Ç—Ä–∞–º–∏ (–∞–Ω–≥–ª. –∑–≤—É–∫ —Ç–∞ –∞–Ω–≥–ª. —Å—É–±—Ç–∏—Ç—Ä–∏). –Ü —á–∏—Ç–∞—î—à —ñ —Å–ª—É—Ö–∞—î—à –æ–¥–Ω–æ—á–∞—Å–Ω–æ)

–ö—Ä—ñ–º —Ç–æ–≥–æ –≤–≤–∞–∂–∞—é –Ω–µ–ø–æ–≥–∞–Ω–∏–º –≤—Å—Ç–∞–Ω–æ–≤–ª—é–≤–∞—Ç–∏ —Å–æ–±—ñ –∞–Ω–≥–ª—ñ–π—Å—å–∫—É –º–æ–≤—É —è–∫ –æ—Å–Ω–æ–≤–Ω—É, –¥–µ –º–æ–∂–ª–∏–≤–æ (–Ω–∞–ø—Ä–∏–∫–ª–∞–¥ –Ω–∞ —Ç–µ–ª–µ—Ñ–æ–Ω—ñ). –¶–µ –Ω–µ –¥–æ–∑–≤–æ–ª–∏—Ç—å –≤–∏–≤—á–∞—Ç–∏ ""–Ω–æ–≤–µ"" –∞–ª–µ –¥–æ–¥–∞—î –≤—ñ–¥—á—É—Ç—Ç—è –∞–Ω–≥–ª–æ–º–æ–≤–Ω–æ–≥–æ –æ—Ç–æ—á–µ–Ω–Ω—è)",
81,DevOps / Infrastructure Engineer,35-44,11-20 —Ä–æ–∫—ñ–≤,5,4,5,4,1,2,2,5,5,2,5,5,3,1,5,5,5,2,3,1,4,5.0,3,5,1,2,5,3,2,4,1,3.0,3,2,5.0,5,1,1,3,3,2,3,3,,"–Ø –¥–∞–≤–Ω–æ –Ω–µ –∑–∞–π–º–∞—é—Ç—å—Å—è —Ü—ñ–ª–µ—Å–ø—Ä—è–º–æ–≤–∞–Ω–∏–º –≤–∏–≤—á–µ–Ω–Ω—è–º –∞–Ω–≥–ª—ñ–π—Å—å–∫–æ—ó, –æ—Å–∫—ñ–ª—å–∫–∏ –º–æ–≥–æ —Ä—ñ–≤–Ω—è —Ü—ñ–ª–∫–æ–º –¥–æ—Å—Ç–∞—Ç–Ω—å–æ –¥–ª—è –ø—Ä–æ—Ñ–µ—Å—ñ–π–Ω–æ–≥–æ —á–∏ –ø–æ–±—É—Ç–æ–≤–æ–≥–æ –≤–∏–∫–æ—Ä–∏—Å—Ç–∞–Ω–Ω—è. –ê–ª–µ —â–æ—Å—å –Ω–æ–≤–µ –∑–∞–≤–∂–¥–∏ –∑–Ω–∞—Ö–æ–¥–∏—Ç—å—Å—è"
82,Software Engineer / Developer,25-34,6-10 —Ä–æ–∫—ñ–≤,5,4,5,4,3,5,4,2,3,5,4,5,3,5,4,5,5,5,5,3,1,5.0,5,5,1,2,5,5,2,5,1,5.0,5,4,5.0,5,1,2,2,4,5,3,3,"–í–∏–∫–æ—Ä–∏—Å—Ç–∞–Ω–Ω—è –Ω–µ–π—Ä–æ–Ω–Ω–∏—Ö –º–µ—Ä–µ–∂ (ChatGPT, Gemini) —Ç–∞ —ñ–Ω—Å—Ç—Ä—É–º–µ–Ω—Ç—ñ–≤ (Grammarly) –¥–ª—è –ø–µ—Ä–µ–≤—ñ—Ä–∫–∏ —Ç–∞ –ø–æ–∫—Ä–∞—â–µ–Ω–Ω—è –≥—Ä–∞–º–∞—Ç–∏–∫–∏ —Ç–∞ —Å—Ç—Ä—É–∫—Ç—É—Ä–∏ –ø–∏—Å—å–º–∞",–ü–æ—Å—Ç—ñ–π–Ω–æ –ø–æ–∫—Ä–∞—â—É—é —Å–≤—ñ–π —Ä—ñ–≤–µ–Ω—å –≤–æ–ª–æ–¥—ñ–Ω–Ω—è
83,Software Engineer / Developer,25-34,–º–µ–Ω—à–µ –Ω—ñ–∂ 1 —Ä—ñ–∫,3,1,3,1,2,4,3,3,3,4,3,4,4,4,4,5,4,5,5,2,1,,4,2,1,5,4,5,3,2,5,4.0,5,4,,2,3,5,4,4,5,5,2,,"—ñ–Ω–æ–¥—ñ –Ω–µ –≤–∏—Å—Ç–∞—á–∞—î —á–∞—Å—É, –∞–±–æ –∂ –∑–Ω–∏–∫–∞—î –±—É–¥—å —è–∫–µ –±–∞–∂–∞–Ω–Ω—è –≤—á–∏—Ç–∏ —á–µ—Ä–µ–∑ —Ç–µ, —â–æ –¥—É–º–∞—î—à —â–æ –≤–∏–±—Ä–∞–≤ –Ω–µ–≤—ñ—Ä–Ω—É —Ç–∞–∫—Ç–∏–∫—É –¥–ª—è –≤–∏–≤—á–µ–Ω–Ω—è, —Ö–æ—á –Ω–∞—Å–ø—Ä–∞–≤–¥—ñ —ó—ó —ñ –Ω–µ —ñ—Å–Ω—É—î)"
84,Business / Systems Analyst,35-44,6-10 —Ä–æ–∫—ñ–≤,4,4,3,4,1,3,2,4,4,5,4,5,3,5,5,4,5,3,5,3,5,5.0,5,5,1,5,5,4,1,5,4,5.0,5,5,5.0,5,1,3,5,5,5,3,5,"–®–∫–æ–ª–∞ –∞–Ω–≥–ª—ñ–π—Å—å–∫–æ—ó –∑ —Å—É–≤–æ—Ä–æ—é –∞–≤—Ç–æ—Ä—Å—å–∫–æ—é –º–µ—Ç–æ–¥–∏–∫–æ—é. +—Ä—ñ–≤–µ–Ω—å –∑–∞ 4 –º—ñ—Å—è—Ü—ñ
–ù–µ–µ—Ñ–µ–∫—Ç–∏–≤–Ω—ñ - –±—É–¥—å-—è–∫—ñ –¥–æ–¥–∞—Ç–∫–∏, –∫–æ—Ä–ø–æ—Ä–∞—Ç–∏–≤–Ω—ñ –∑–∞–Ω—è—Ç—Ç—è",—Ä–æ–∑—Ä–∏–≤ –≤ —á–∞—Å—ñ –º—ñ–∂ —É–Ω—ñ–≤–µ—Ä—Å–∏—Ç–µ—Ç–æ–º —Ç–∞ –ø–æ—á–∞—Ç–∫–æ–º —Ä–æ–±–æ—Ç—ñ –≤ –Ü–¢ (10 —Ä–æ–∫—ñ–≤)
85,IT Manager / Team Lead / C-Level,35-44,6-10 —Ä–æ–∫—ñ–≤,5,5,5,5,1,4,3,5,5,4,5,5,5,4,5,4,4,3,4,4,1,4.0,4,4,2,4,4,2,1,3,3,4.0,4,3,4.0,4,2,1,2,4,3,4,3,,
86,QA / Testing Specialist,25-34,6-10 —Ä–æ–∫—ñ–≤,4,3,4,4,2,5,3,4,4,5,3,5,4,4,4,3,5,5,4,2,3,5.0,5,4,1,5,5,5,2,5,1,5.0,5,5,2.0,4,5,2,2,3,5,2,1,"–ê–Ω–≥–ª–æ–º–æ–≤–Ω–µ —Å–µ—Ä–µ–¥–æ–≤–∏—â–µ, —Å–ø—ñ–ª–∫—É–≤–∞–Ω–Ω—è –∑ –Ω–æ—Å—ñ—è–º–∏ - –≤–∏—è–≤–∏–ª–æ—Å—å –Ω–∞–π–µ—Ñ–µ–∫—Ç–∏–≤–Ω—ñ—à–∏–º —Å–µ—Ä–µ–¥ –±–∞–≥–∞—Ç–æ—Ä—ñ—á–Ω–æ–≥–æ –Ω–∞–≤—á–∞–Ω–Ω—è –∑ —É–∫—Ä–∞—ó–Ω—Å—å–∫–∏–º–∏ –≤–∏–∫–ª–∞–¥–∞—á–∞–º–∏","–í—ñ–¥—Å—É—Ç–Ω—ñ—Å—Ç—å —Ä–µ–∑—É–ª—å—Ç–∞—Ç—É, –≤—ñ–¥—Å—É—Ç–Ω—ñ—Å—Ç—å –º–µ—Ç–∏"
87,IT Manager / Team Lead / C-Level,25-34,6-10 —Ä–æ–∫—ñ–≤,5,4,5,4,2,3,5,5,5,1,5,5,2,1,4,5,3,2,3,3,1,3.0,4,5,4,2,3,1,2,1,2,3.0,3,3,5.0,5,1,1,1,4,3,1,1,,
88,HR / L&D / Talent / Recruitment Specialist,25-34,6-10 —Ä–æ–∫—ñ–≤,4,4,5,4,3,4,1,4,4,4,3,5,1,4,4,3,5,2,4,3,3,3.0,4,4,1,3,4,4,2,4,3,4.0,4,5,4.0,4,1,2,2,3,4,5,3,,
89,Data / AI Specialist,35-44,6-10 —Ä–æ–∫—ñ–≤,5,5,5,5,2,5,3,4,3,4,3,5,4,4,3,3,4,4,4,5,3,4.0,5,4,1,2,3,3,1,5,4,5.0,5,5,5.0,5,1,2,2,5,5,5,5,,
90,Support / IT Helpdesk / Technical Support,35-44,6-10 —Ä–æ–∫—ñ–≤,3,2,3,3,2,5,3,4,4,5,3,5,3,5,5,4,4,5,5,4,5,5.0,5,3,2,4,5,5,3,3,4,5.0,5,4,5.0,4,1,3,3,4,5,5,5,–ü–µ—Ä–µ–∫–ª–∞—Å—Ç–∏ —Ç–µ–∫—Å—Ç —É–ª—é–±–ª–µ–Ω–æ—ó –ø—ñ—Å–Ω—ñ —Ç–∞ –ø–æ—Ç—ñ–º –ø—ñ–¥—Å–ø—ñ–≤—É–≤–∞—Ç–∏ –∑ —Ä–æ–∑—É–º—ñ–Ω–Ω—è–º ,"–ù–µ –±—É–ª–æ –∑–º–æ–≥–∏ –≤—ñ–¥—Ä–∞–∑—É –ø—Ä–∞–∫—Ç–∏–∫—É–≤–∞—Ç–∏ –º–æ–≤—É –≤ –ø–µ—Ä—ñ–æ–¥ –Ω–∞–≤—á–∞–Ω–Ω—è. –¢–æ–±—Ç–æ –∫–æ–ª–∏ –≤–∏–≤—á–∞—î—à —Ç–∞ –≤—ñ–¥—Ä–∞–∑—É –≤–∏–∫–æ—Ä–∏—Å—Ç–æ–≤—É—î—à –∑–Ω–∞–Ω–Ω—è, —Ç–æ —Ç—ñ–ª—å–∫–∏ —Ç–∞–∫ –±–∞—á–∏—à —Å–µ–Ω—Å —É –Ω–∞–≤—á–∞–Ω–Ω—ñ "
91,Product / Project Manager,35-44,11-20 —Ä–æ–∫—ñ–≤,5,5,5,5,2,5,4,3,2,5,4,5,4,4,5,5,5,5,5,5,1,5.0,5,5,1,5,5,4,1,5,5,5.0,5,3,5.0,5,1,1,3,5,5,5,4,,"–í—ñ–¥—Å—É—Ç–Ω—ñ—Å—Ç—å —á–∞—Å—É, –ø—Ä—ñ–æ—Ä–∏—Ç–µ—Ç–∏"
92,"Automotive Process expert (ASPICE, FuSA)",35-44,–ø–æ–Ω–∞–¥ 21 —Ä—ñ–∫,4,5,3,3,2,5,3,3,3,4,3,4,2,2,4,4,5,5,5,2,4,5.0,4,4,1,3,5,5,2,4,4,5.0,5,5,4.0,4,1,3,2,4,5,5,5,"–í–∏–≤—á–µ–Ω–Ω—è –∞–Ω–µ–∫–¥–æ—Ç—ñ–≤ —Ç–∞ –¥–æ—Å–ª—ñ–≤–Ω–∏–π –ø–µ—Ä–µ–∫–∞–∑ –∫–æ—Ä–æ—Ç–∫–∏—Ö —Å–º—ñ—à–Ω–∏—Ö —ñ—Å—Ç–æ—Ä—ñ—ó, –±–∞–≥–∞—Ç–æ –≤–ø—Ä–∞–≤ –Ω–∞ –∞—É–¥—ñ–æ–≤–∞–Ω–Ω—è.",–í—ñ–¥—Å—É—Ç–Ω—ñ—Å—Ç—å –ø—Ä–æ–≥—Ä–µ—Å—É–≤–∞–Ω–Ω—è. 
93,HR / L&D / Talent / Recruitment Specialist,25-34,3-5 —Ä–æ–∫—ñ–≤,3,3,3,4,1,4,3,3,3,4,3,5,4,4,4,3,4,4,4,5,5,5.0,5,4,4,4,3,3,3,5,4,5.0,5,5,4.0,5,1,3,4,3,5,3,1,,
94,–ø—ñ–¥–ø—Ä–∏—î–º–µ—Ü—å –≤ –Ω—ñ—à—ñ –∫–æ—É—á–∏–Ω–≥—É,25-34,–º–µ–Ω—à–µ –Ω—ñ–∂ 1 —Ä—ñ–∫,3,2,2,2,3,4,2,1,2,4,1,4,4,4,2,3,4,5,5,4,2,2.0,4,2,4,2,1,5,3,4,5,,4,4,,2,4,4,3,4,4,5,3,,
95,IT Manager / Team Lead / C-Level,35-44,11-20 —Ä–æ–∫—ñ–≤,4,3,3,4,2,5,4,3,3,5,5,3,3,5,4,4,4,5,5,4,5,5.0,5,4,1,4,5,5,2,4,5,4.0,5,5,5.0,5,1,5,3,4,5,3,5,,–±—Ä–∞–∫ —á–∞—Å—É
96,–ë—É—Ö–≥–∞–ª—Ç–µ—Ä,25-34,1-2 —Ä–æ–∫–∏,4,1,3,3,5,5,3,4,2,4,2,5,5,3,5,3,4,4,4,5,1,3.0,3,3,5,5,5,5,2,5,4,5.0,4,5,5.0,5,3,4,5,5,5,5,5,–Ω—ñ,—Ç–∞–∫. –ù–µ –≤–∏—Å—Ç–∞—á–∞–ª–æ —á–∞—Å—É
97,Software Engineer / Developer,18-24,3-5 —Ä–æ–∫—ñ–≤,4,4,2,3,3,4,4,3,2,4,5,5,5,4,3,5,4,5,5,4,5,4.0,5,3,1,2,5,5,1,4,4,5.0,5,4,3.0,5,1,3,4,5,5,4,3,Quizlet,"–ù–µ–¥–æ—Å—Ç–∞—Ç–Ω—ñ—Å—Ç—å —á–∞—Å—É, –±–∞–∂–∞–Ω–Ω—è"
98,Data / AI Specialist,25-34,3-5 —Ä–æ–∫—ñ–≤,5,5,5,5,1,2,1,5,5,1,5,4,4,3,5,5,4,4,5,4,1,5.0,5,5,1,1,5,4,1,4,3,4.0,4,2,5.0,5,1,1,3,5,3,4,4,–ü—Ä–æ–≥–æ–≤–æ—Ä—é–≤–∞—Ç–∏ –¥—ñ–∞–ª–æ–≥–∏ —É —Å–µ–±–µ –≤ –≥–æ–ª–æ–≤—ñ,"–ê–∫—Ç–∏–≤–Ω–µ –Ω–∞–≤—á–∞–Ω–Ω—è –ø—Ä–∏–ø–∏–Ω–∏–≤ —â–µ –ø—ñ—Å–ª—è —à–∫–æ–ª–∏, –æ—Å–∫—ñ–ª—å–∫–∏ –≤—ñ–¥—á—É–≤–∞–≤ —Å–µ–±–µ –≤–ø–µ–≤–Ω–µ–Ω–æ —ñ –Ω–µ –±–∞—á–∏–≤ –ø–æ—Ç—Ä–µ–±–∏ –ø—Ä–æ–¥–æ–≤–∂—É–≤–∞—Ç–∏"
99,Product / Project Manager,35-44,3-5 —Ä–æ–∫—ñ–≤,2,1,1,1,2,2,1,1,1,1,1,1,4,3,3,3,3,4,4,5,1,1.0,5,1,1,5,5,5,2,5,5,,5,5,,2,2,2,2,2,5,3,3,,
100,Software Engineer / Developer,25-34,6-10 —Ä–æ–∫—ñ–≤,4,3,4,4,3,5,4,4,3,5,4,5,4,5,3,4,5,3,5,4,2,5.0,2,4,2,3,5,4,4,4,5,4.0,5,3,5.0,5,1,3,1,4,5,3,3,,
101,QA / Testing Specialist,25-34,6-10 —Ä–æ–∫—ñ–≤,5,3,5,4,4,5,4,4,5,5,4,2,4,4,4,4,4,4,4,2,2,5.0,5,4,2,5,5,5,4,5,5,5.0,5,5,5.0,5,1,3,3,5,5,5,5,,"a few minutes, just because lose my believe in success "
102,IT Manager / Team Lead / C-Level,45-54,11-20 —Ä–æ–∫—ñ–≤,3,3,3,3,2,3,2,3,3,3,2,3,4,4,3,3,4,3,3,3,2,5.0,4,3,1,2,5,3,1,3,4,4.0,4,5,4.0,4,3,3,4,4,4,4,4,,
